<?xml version="1.0" encoding="UTF-8"?>
<beans xmlns="http://www.springframework.org/schema/beans" xmlns:xsi="http://www.w3.org/2001/XMLSchema-instance" xmlns:security="http://www.springframework.org/schema/security"
    xsi:schemaLocation="http://www.springframework.org/schema/beans http://www.springframework.org/schema/beans/spring-beans.xsd
            http://www.springframework.org/schema/security http://www.springframework.org/schema/security/spring-security.xsd http://www.springframework.org/schema/util http://www.springframework.org/schema/util/spring-util.xsd">

    <security:http pattern="/resources/**" security="none" />
    <security:http pattern="/loginError.html" security="none" />
    <security:http use-expressions="true">
        <security:intercept-url pattern="/login.html" access="permitAll" />
        <security:intercept-url pattern="/**" access="isAuthenticated()"/>
        <security:form-login login-page="/login.html" authentication-failure-url="/loginError.html" />
        <security:logout logout-success-url="/login.html" />
        <security:csrf disabled="true"/>
    </security:http>

    <bean id="pamAuthenticationProvider" class="com.vmware.itfm.cloud.datacollector.agentmanagement.security.authentication.PamAuthenticationProvider" />
    <security:authentication-manager>
        <security:authentication-provider ref="pamAuthenticationProvider" />
    </security:authentication-manager>

    <security:global-method-security pre-post-annotations="enabled" />
</beans>