<?xml version="1.0" encoding="UTF-8"?>
<beans xmlns="http://www.springframework.org/schema/beans"
       xmlns:xsi="http://www.w3.org/2001/XMLSchema-instance"
       xsi:schemaLocation="http://www.springframework.org/schema/beans http://www.springframework.org/schema/beans/spring-beans.xsd">

	<bean class="com.zaxxer.hikari.HikariDataSource" destroy-method="close" id="dataSource">
     <property name="driverClassName" value="${jdbc.driver.className}"/>
     <property name="jdbcUrl" value="${jdbc.url}"/>
     <property name="username" value="${jdbc.username}"/>
     <property name="password" value="${jdbc.password}"/>
     <property name="connectionTestQuery" value="select 1;"/>
     <property name="maximumPoolSize" value="30"/>
 </bean>

</beans>
