<?xml version="1.0" encoding="UTF-8"?>
<beans xmlns="http://www.springframework.org/schema/beans"
       xmlns:xsi="http://www.w3.org/2001/XMLSchema-instance"
       xmlns:security="http://www.springframework.org/schema/security"
       xsi:schemaLocation="http://www.springframework.org/schema/beans http://www.springframework.org/schema/beans/spring-beans.xsd
            http://www.springframework.org/schema/security http://www.springframework.org/schema/security/spring-security.xsd ">

    <security:http>
        <security:http-basic/>
        <security:intercept-url pattern="/**" access="hasRole('ROLE_ADMIN')"/>
        <security:csrf disabled="true"/>
    </security:http>

    <security:authentication-manager>
        <security:authentication-provider>
            <!-- Choosing SHA-1 hash function -->
            <security:password-encoder hash="sha"/>
            <!-- get auth details from DB using jdbc (from table : EXT_INTERFACE_USERS)  -->
            <security:jdbc-user-service data-source-ref="dataSource"
                                        users-by-username-query="SELECT USER_NAME,PASSWORD,ENABLED FROM EXT_INTERFACE_USERS WHERE USER_NAME=?;"
                                        authorities-by-username-query="SELECT USER_NAME,ROLE FROM EXT_INTERFACE_USERS WHERE USER_NAME=?;"
                    />
        </security:authentication-provider>
    </security:authentication-manager>

</beans>