<?xml version="1.0" encoding="UTF-8"?>
<Configuration status="WARN" monitorInterval="30">

	<Properties>
		<Property name="app.name">facts-repo</Property>
        <Property name="VRB_LOG_PATH">${sys:log.path}</Property>
	</Properties>

	<Appenders>
		<RollingFile name="file" fileName="${env:VRB_LOG_PATH}/${app.name}.log" filePattern="${env:VRB_LOG_PATH}/${app.name}-%i.log.gz">
			<PatternLayout pattern="%d{yyyy-MM-dd HH:mm:ss.SSS} %-5level [%thread] %logger{1.} - %msg%n"/>
			<Policies>
				<SizeBasedTriggeringPolicy size="10 MB"/>
			</Policies>
			<DefaultRolloverStrategy max="10"/>
		</RollingFile>

		<RollingFile name="faultyChanges" fileName="${env:VRB_LOG_PATH}/${app.name}-faultyChanges.log" filePattern="${env:VRB_LOG_PATH}/${app.name}-faultyChanges-%i.log.gz">
			<PatternLayout pattern="%msg%n%n"/>
			<Policies>
				<SizeBasedTriggeringPolicy size="10 MB"/>
			</Policies>
			<DefaultRolloverStrategy max="10"/>
		</RollingFile>

		<Console name="console" target="SYSTEM_OUT">
			<PatternLayout pattern="%d{HH:mm:ss.SSS} %-5level [%thread] %logger{1.} - %msg%n"/>
		</Console>

		<!--<Async name="async">-->
			<!--<AppenderRef ref="file"/>-->
			<!--<AppenderRef ref="console"/>-->
		<!--</Async>-->
	</Appenders>


	<Loggers>

		<Root level="info">
			<AppenderRef ref="file"/>
			<AppenderRef ref="console"/>
		</Root>

		<Logger name="faultyChanges" level="info" additivity="false">
			<AppenderRef ref="faultyChanges"/>
		</Logger>
		<Logger name="com.vmware.vrb" level="info"/>
		<!--<Logger name="com.vmware.vrb.facts.snapshot.SnapshotController" level="info"/>-->
		<!--<Logger name="com.vmware.vrb.facts.query.QueryController" level="info"/>-->
		<!--<Logger name="com.vmware.vrb.facts.snapshot.MongoWritesPersister" level="debug"/>-->

	</Loggers>

</Configuration>