{
  "changes": [
    {
      // entityId can be any string:
      "entityId": "123e4567-e89b-12d3-a456-426655440132",
      // entityId can be any string
      "type": "compute_unit",
      // time in ISO-8601 format:
      "time": 1418051460,
      // changeType any of a particular set of predefined values (add/remove/modify)
      "changeType": "add"
    },
    {
      "entityId": "12",
      "type": 3,
      "time": 1418051461,
      "changeType": "enter"
    },
    {
      "entityId": "vm-1",
      "type": 2,
      "time": 1418051462,
      "changeType": "add",
      "properties": {
        "uuentityId": "123e4567-e89b-12d3-a456-426655440112"
      }
    },
    {
      "entityId": "vm-1",
      "type": 2,
      "time": 1418051464,
      "changeType": "modify",
      "properties": {
        "name": "vm-1",
        "description": "The best VM out there",
        "uuentityId": "123e4567-e89b-12d3-a456-426655440112"
      }
    },
    {
      "time": 1418051465,
      "source": "123e4567-e89b-12d3-a456-426655440132",
      "entityId": "vm-1",
      "type": "vm",
      "changeType": "modify",
      "properties": {
        "server": "server-2",
        "dataCenter": "datacenter-3",
        "dataStoreAttachment": "dataStoreAttachment-2",
        "vcPath": "/tlv-itbms-vc/Plutus Cloud",
        "faultTolerant": true,
        "memoryGB": 4,
        "vCpuCount": 8,
        "reservedCapacityCpuGhz": 1.2,
        "reservedCapacityMemoryGB": 2
      }
    },
    {
      "entityId": "vm-1",
      "type": 2,
      "time": 1418051467,
      "changeType": "remove"
    }
  ]
}
