<?xml version="1.0" encoding="UTF-8"?>
<beans xmlns="http://www.springframework.org/schema/beans"
       xmlns:xsi="http://www.w3.org/2001/XMLSchema-instance" xmlns:context="http://www.springframework.org/schema/context"
       xsi:schemaLocation="http://www.springframework.org/schema/beans	http://www.springframework.org/schema/beans/spring-beans.xsd http://www.springframework.org/schema/context http://www.springframework.org/schema/context/spring-context.xsd">

    <bean id="propertyConfigurer" class="org.springframework.context.support.PropertySourcesPlaceholderConfigurer">
        <property name="locations">
            <list>
                <value>classpath:public.key.properties</value>
                <value>classpath:reflib.properties</value>
                <value>classpath:version.properties</value>
                <value>classpath:facts-repo.properties</value>
                <value>classpath:/sftp.properties</value>
                <value>file:${security.properties}</value>
                <value>file:${itfm.oauth.properties}</value>
            </list>
        </property>
        <property name="ignoreUnresolvablePlaceholders" value="true"/>
    </bean>

    <import resource="db-config.xml" />
</beans>
