<?xml version="1.0" encoding="UTF-8"?>
<beans xmlns="http://www.springframework.org/schema/beans"
       xmlns:xsi="http://www.w3.org/2001/XMLSchema-instance"
       xmlns:util="http://www.springframework.org/schema/util"
       xsi:schemaLocation="http://www.springframework.org/schema/beans
	    http://www.springframework.org/schema/beans/spring-beans.xsd http://www.springframework.org/schema/util http://www.springframework.org/schema/util/spring-util.xsd">

    <bean id="systemSynchronizationJobQuartz" class="org.springframework.scheduling.quartz.JobDetailFactoryBean">
        <property name="jobClass" value="com.vmware.itfm.cloud.common.sync.SystemSynchronizationJob"/>
        <property name="name" value="SystemSynchronization"/>
        <property name="group" value="ITFM"/>
    </bean>

    <bean id="systemSynchronizationJobTrigger" class="org.springframework.scheduling.quartz.CronTriggerFactoryBean">
        <property name="jobDetail" ref="systemSynchronizationJobQuartz"/>
        <property name="name" value="systemSynchronizationTrigger"/>
        <property name="group" value="ITFM"/>
        <property name="startDelay" value="86400000"/>
        <property name="cronExpression" value="0 0 02 ? * *"/>
    </bean>

    <!-- factory -->

    <bean class="org.springframework.scheduling.quartz.SchedulerFactoryBean">
        <property name="jobDetails">
            <list>
                <ref bean="systemSynchronizationJobQuartz" />
            </list>
        </property>

        <property name="triggers">
            <list>
                <ref bean="systemSynchronizationJobTrigger" />
            </list>
        </property>
        <property name="jobFactory">
            <bean class="com.vmware.itfm.cloud.common.utils.config.scheduler.SpringQuartzJobFactory"/>
        </property>

        <property name="schedulerName" value="ITFM"/>
        <property name="nonTransactionalDataSource" ref="dataSource"/>
        <property name="transactionManager" ref="transactionManager"/>
        <!-- Make the Spring Context Available -->
        <property name="applicationContextSchedulerContextKey" value="applicationContext"/>
        <property name="quartzProperties">
            <util:properties id="quartzProperties" location="classpath:quartz.properties"/>
        </property>
    </bean>
</beans>