<?xml version="1.0" encoding="UTF-8"?>
<beans xmlns="http://www.springframework.org/schema/beans"
       xmlns:xsi="http://www.w3.org/2001/XMLSchema-instance"
       xmlns:mvc="http://www.springframework.org/schema/mvc"
       xmlns:context="http://www.springframework.org/schema/context" xmlns:tx="http://www.springframework.org/schema/tx"
       xmlns:aop="http://www.springframework.org/schema/aop"
       xsi:schemaLocation="http://www.springframework.org/schema/beans http://www.springframework.org/schema/beans/spring-beans.xsd http://www.springframework.org/schema/context http://www.springframework.org/schema/context/spring-context.xsd http://www.springframework.org/schema/task http://www.springframework.org/schema/task/spring-task.xsd http://www.springframework.org/schema/mvc http://www.springframework.org/schema/mvc/spring-mvc.xsd http://www.springframework.org/schema/tx http://www.springframework.org/schema/tx/spring-tx.xsd
       http://www.springframework.org/schema/aop http://www.springframework.org/schema/aop/spring-aop.xsd">


    <bean id="validator" class="org.springframework.validation.beanvalidation.LocalValidatorFactoryBean"/>

    <context:component-scan base-package="com.vmware.itfm.cloud" use-default-filters="false">
        <context:include-filter type="annotation" expression="org.springframework.stereotype.Controller"/>
        <context:include-filter type="annotation" expression="org.springframework.web.bind.annotation.ControllerAdvice"/>
    </context:component-scan>

    <tx:annotation-driven/>

    <mvc:annotation-driven/>

    <bean id="multipartResolver"
          class="org.springframework.web.multipart.commons.CommonsMultipartResolver">

        <!-- one of the properties available; the maximum file size in bytes -->
        <property name="maxUploadSize" value="10000000"/>
    </bean>

    <bean id="jobDrivingAspect" class="com.vmware.itfm.cloud.common.utils.config.scheduler.JobDrivingAspect" />
    <bean id="licenseCheckAspect" class="com.vmware.itfm.cloud.admin.license.LicenseCheckAspect" />

    <aop:aspectj-autoproxy proxy-target-class="true">
        <aop:include name="jobDrivingAspect" />
		<aop:include name="licenseCheckAspect" />
    </aop:aspectj-autoproxy>

</beans>
