<?xml version="1.0" encoding="UTF-8"?>
<beans xmlns="http://www.springframework.org/schema/beans"
       xmlns:xsi="http://www.w3.org/2001/XMLSchema-instance"
       xmlns:aop="http://www.springframework.org/schema/aop"
       xsi:schemaLocation="http://www.springframework.org/schema/beans
       http://www.springframework.org/schema/beans/spring-beans.xsd
       http://www.springframework.org/schema/aop
       http://www.springframework.org/schema/aop/spring-aop-3.0.xsd">
    <!--<aop:aspectj-autoproxy/>
    <aop:config>
           <aop:aspect id="loggingAspect" ref="loggingAspectBean">

                  <aop:pointcut id="loggingPointcut" expression="execution(* com.vmware.itfm.cloud.publiccloud..*(..))
                  &amp;amp;&amp;amp; !execution(String *.toString())
                  &amp;amp;&amp;amp; !execution(int *.hashCode())
                  &amp;amp;&amp;amp; !execution(boolean *.canEqual(Object))
                  &amp;amp;&amp;amp; !execution(boolean *.equals(Object))"/>

                  <aop:around method="logMethodParamsAndReturnValue" pointcut-ref="loggingPointcut"/>
           </aop:aspect>
    </aop:config>
    <bean id="loggingAspectBean" class="com.vmware.itfm.cloud.common.logging.LoggingAspect"/>-->
    <!-- Example of specifying the pointcut expressions: http://howtodoinjava.com/spring/spring-aop/writing-spring-aop-aspectj-pointcut-expressions-with-examples /-->
</beans>