{
   "publisher": "VMware",
   "pluginEndpointTypeId": "com.vmware.vcbm.vcbm.plugin",

   "extensions": [
      {
         "pointId": "csp.places",
         "extensionId": "vcbm.csp.places.home",
         "label": "Business Management",
         "gadgetUrl": "businessmanagement-gadget.xml",
         "description": "vCloud Business Manager",
         "permissions": [ "VCBM_VIEW", "VCBM_ALL", "ITBM_BUSINESS_UNIT_CONTROL" ]
      } ,
      {
         "pointId": "csp.places",
         "hostExtensionId": "vcbm.csp.places.home",
         "extensionId": "itfm.homepage.view.HomePageView",
         "permissions": [ "VCBM_VIEW", "VCBM_ALL" ]
      },
      {
          "pointId": "csp.places",
          "hostExtensionId": "vcbm.csp.places.home",
          "extensionId": "itfm.landingpage.LandingPageView",
          "permissions": [ "VCBM_VIEW", "VCBM_ALL" ]
      },
      {
         "pointId": "csp.places",
         "hostExtensionId": "vcbm.csp.places.home",
         "extensionId": "itfm.costdriver.view.ComputeCostDriverCenterView",
         "permissions": [ "VCBM_VIEW", "VCBM_ALL" ]
      }
      ,
      {
         "pointId": "csp.places",
         "hostExtensionId": "vcbm.csp.places.home",
         "extensionId": "itfm.costdriver.view.UpdateCostDataViewMain",
         "permissions": [ "VCBM_ALL" ]
      }
      ,
      {
         "pointId": "csp.places",
         "hostExtensionId": "vcbm.csp.places.home",
         "extensionId": "itfm.resourcescost.view.ResourcesCostMainView",
         "permissions": [ "VCBM_VIEW", "VCBM_ALL" ]
      }
      ,
       {
         "pointId": "csp.places",
         "hostExtensionId": "vcbm.csp.places.home",
         "extensionId": "itfm.resourcescost.view.editcostallocation.EditCostAllocationMainView",
         "permissions": ["VCBM_ALL" ]
      }
      ,
      {
         "pointId": "csp.places",
         "hostExtensionId": "vcbm.csp.places.home",
         "extensionId": "itfm.consumers.view.ConsumptionOverview",
         "permissions": [ "VCBM_VIEW", "VCBM_ALL", "ITBM_BUSINESS_UNIT_CONTROL" ]
      }
      ,
      {
         "pointId": "csp.places",
         "hostExtensionId": "vcbm.csp.places.home",
         "extensionId": "itfm.consumers.view.ShowbackVmsConfigView",
         "permissions": [ "VCBM_VIEW", "VCBM_ALL", "ITBM_BUSINESS_UNIT_CONTROL" ]
      }
      ,
      {
         "pointId": "csp.places",
         "hostExtensionId": "vcbm.csp.places.home",
         "extensionId": "itfm.reports.view.ConsumersSaveReportView",
         "permissions": [ "VCBM_VIEW", "VCBM_ALL", "ITBM_BUSINESS_UNIT_CONTROL" ]
      }
      ,
      {
         "pointId": "csp.places",
         "hostExtensionId": "vcbm.csp.places.home",
         "extensionId": "itfm.consumers.view.ShowbackAdditionalServicesConfigView",
         "permissions": [ "VCBM_VIEW", "VCBM_ALL", "ITBM_BUSINESS_UNIT_CONTROL" ]
      }
      ,
      {
         "pointId": "csp.places",
         "hostExtensionId": "vcbm.csp.places.home",
         "extensionId": "itfm.consumers.view.ReclaimableCostGrid",
         "permissions": [ "VCBM_VIEW", "VCBM_ALL", "ITBM_BUSINESS_UNIT_CONTROL" ]
      },
      {
         "pointId": "csp.places",
         "hostExtensionId": "vcbm.csp.places.home",
         "extensionId": "itfm.consumers.view.ShowbackCustomReportsView",
         "permissions": [ "VCBM_VIEW", "VCBM_ALL", "ITBM_BUSINESS_UNIT_CONTROL" ]
      }
      ,
      {
         "pointId": "csp.places",
         "hostExtensionId": "vcbm.csp.places.home",
         "extensionId": "itfm.consumers.view.ConsumersList",
         "permissions": [ "VCBM_VIEW", "VCBM_ALL",  "ITBM_BUSINESS_UNIT_CONTROL" ]
      }
      ,
      {
         "pointId": "csp.places",
         "hostExtensionId": "vcbm.csp.places.home",
         "extensionId": "itfm.consumers.view.BusinessUnitDetailsView",
         "permissions": [ "VCBM_VIEW", "VCBM_ALL",  "ITBM_BUSINESS_UNIT_CONTROL" ]
      }
      ,
      {
         "pointId": "csp.places",
         "hostExtensionId": "vcbm.csp.places.home",
         "extensionId": "itfm.consumers.view.ConsumersMap",
         "permissions": [ "VCBM_VIEW", "VCBM_ALL",  "ITBM_BUSINESS_UNIT_CONTROL" ]
      }
      ,
      {
         "pointId": "csp.places",
         "hostExtensionId": "vcbm.csp.places.home",
         "extensionId": "itfm.consumers.view.ConsumerListRulesWizard",
         "permissions": [ "VCBM_ALL" ]
      }
      ,
      {
         "pointId": "csp.places",
         "hostExtensionId": "vcbm.csp.places.home",
         "extensionId": "itfm.consumers.view.RoleAssignmentView",
         "permissions": [ "VCBM_ALL" ]
      }
      ,
      {
         "pointId": "csp.places",
         "hostExtensionId": "vcbm.csp.places.home",
         "extensionId": "itfm.consumers.pricing.view.PricingOverview",
         "permissions": [ "VCBM_VIEW", "VCBM_ALL" ]
      },
       {
         "pointId": "csp.places",
         "hostExtensionId": "vcbm.csp.places.home",
         "extensionId": "itfm.consumers.pricing.view.EditPricingView",
         "permissions": [ "VCBM_ALL" ]
       },
      {
           "pointId": "csp.places",
           "hostExtensionId": "vcbm.csp.places.home",
           "extensionId": "itfm.consumers.budget.view.BudgetGridView",
           "permissions": [ "VCBM_ALL" ]
      }
       ,
      {
         "pointId": "csp.places",
         "hostExtensionId": "vcbm.csp.places.home",
         "extensionId": "itfm.planning.view.CloudComparisonCompareExist",
         "permissions": [ "VCBM_VIEW", "VCBM_ALL" ]
      }
      ,
      {
           "pointId": "csp.places",
           "hostExtensionId": "vcbm.csp.places.home",
           "extensionId": "itfm.planning.view.CloudComparisonCompareNew",
           "permissions": [ "VCBM_VIEW", "VCBM_ALL" ]
      }
      ,
      {
           "pointId": "csp.places",
           "hostExtensionId": "vcbm.csp.places.home",
           "extensionId": "itfm.planning.view.CloudComparisonCompareDataCenter",
           "permissions": [ "VCBM_VIEW", "VCBM_ALL" ]
      },
      {
         "pointId": "csp.places",
         "hostExtensionId": "vcbm.csp.places.home",
         "extensionId": "itfm.publiccloud.view.vcloudair.VcaOverview",
         "permissions": [ "VCBM_VIEW", "VCBM_ALL" ]
      },
      {
           "pointId": "csp.places",
           "hostExtensionId": "vcbm.csp.places.home",
           "extensionId": "itfm.publiccloud.view.vcloudair.VcaServicesView",
           "permissions": [ "VCBM_VIEW", "VCBM_ALL" ]
      },
      {
           "pointId": "csp.places",
           "hostExtensionId": "vcbm.csp.places.home",
           "extensionId": "itfm.publiccloud.view.vcloudair.EditVcaCharges",
           "permissions": [ "VCBM_VIEW", "VCBM_ALL" ]
       },

      {
         "pointId": "csp.places",
         "hostExtensionId": "vcbm.csp.places.home",
         "extensionId": "itfm.publiccloud.view.aws.AwsOverviewPage",
         "permissions": [ "VCBM_VIEW", "VCBM_ALL" ]
      },
      {
         "pointId": "csp.places",
         "hostExtensionId": "vcbm.csp.places.home",
         "extensionId": "itfm.publiccloud.view.azure.AzureOverviewPage",
         "permissions": [ "VCBM_VIEW", "VCBM_ALL" ]
      },
      {
         "pointId": "csp.places",
         "hostExtensionId": "vcbm.csp.places.home",
         "extensionId": "itfm.publiccloud.view.PublicCloudMainView",
         "permissions": [ "VCBM_VIEW", "VCBM_ALL" ]
      },
       {
         "pointId": "csp.places",
         "hostExtensionId": "vcbm.csp.places.home",
         "extensionId": "itfm.reports.view.ServersGridConfigView",
         "permissions": [ "VCBM_VIEW", "VCBM_ALL" ]
      }
      ,
       {
           "pointId": "csp.places",
           "hostExtensionId": "vcbm.csp.places.home",
           "extensionId": "itfm.reports.view.DataStoresConfigView",
           "permissions": [ "VCBM_VIEW", "VCBM_ALL" ]
       }
       ,
       {
           "pointId": "csp.places",
           "hostExtensionId": "vcbm.csp.places.home",
           "extensionId": "itfm.reports.view.VsanDataStoresConfigView",
           "permissions": [ "VCBM_VIEW", "VCBM_ALL" ]
       }
       ,
       {
           "pointId": "csp.places",
           "hostExtensionId": "vcbm.csp.places.home",
           "extensionId": "itfm.reports.view.VMsView",
           "permissions": [ "VCBM_VIEW", "VCBM_ALL" ]
       }
       ,
       {
           "pointId": "csp.places",
           "hostExtensionId": "vcbm.csp.places.home",
           "extensionId": "itfm.reports.view.ClustersConfigView",
           "permissions": [ "VCBM_VIEW", "VCBM_ALL" ]
       }
       ,
       {
           "pointId": "csp.places",
           "hostExtensionId": "vcbm.csp.places.home",
           "extensionId": "itfm.reports.view.OrgConfigView",
           "permissions": [ "VCBM_VIEW", "VCBM_ALL" ]
       }
       ,
       {
           "pointId": "csp.places",
           "hostExtensionId": "vcbm.csp.places.home",
           "extensionId": "itfm.reports.view.OrgVdcConfigView",
           "permissions": [ "VCBM_VIEW", "VCBM_ALL" ]
       }
       ,
       {
           "pointId": "csp.places",
           "hostExtensionId": "vcbm.csp.places.home",
           "extensionId": "itfm.reports.view.VcdVMsConfigView",
           "permissions": [ "VCBM_VIEW", "VCBM_ALL" ]
       }
       ,
       {
           "pointId": "csp.places",
           "hostExtensionId": "vcbm.csp.places.home",
           "extensionId": "itfm.reports.view.VappConfigView",
           "permissions": [ "VCBM_VIEW", "VCBM_ALL" ]
       }
       ,
       {
           "pointId": "csp.places",
           "hostExtensionId": "vcbm.csp.places.home",
           "extensionId": "itfm.reports.view.TenantView",
           "permissions": [ "VCBM_VIEW", "VCBM_ALL" ]
       }
       ,
       {
           "pointId": "csp.places",
           "hostExtensionId": "vcbm.csp.places.home",
           "extensionId": "itfm.reports.view.BusinessGroupView",
           "permissions": [ "VCBM_VIEW", "VCBM_ALL" ]
       }
       ,
       {
           "pointId": "csp.places",
           "hostExtensionId": "vcbm.csp.places.home",
           "extensionId": "itfm.reports.view.BlueprintView",
           "permissions": [ "VCBM_VIEW", "VCBM_ALL" ]
       }
       ,
       {
           "pointId": "csp.places",
           "hostExtensionId": "vcbm.csp.places.home",
           "extensionId": "itfm.reports.view.VraVmsConfigView",
           "permissions": [ "VCBM_VIEW", "VCBM_ALL" ]
       }
       ,
        {
           "pointId": "csp.places",
           "hostExtensionId": "vcbm.csp.places.home",
           "extensionId": "itfm.reports.view.StorageArrayConfigView",
           "permissions": [ "VCBM_VIEW", "VCBM_ALL" ]
       },
       {
           "pointId": "csp.places",
           "hostExtensionId": "vcbm.csp.places.home",
           "extensionId": "itfm.reports.view.StorageLunConfigView",
           "permissions": [ "VCBM_VIEW", "VCBM_ALL" ]
       },
       {
           "pointId": "csp.places",
           "hostExtensionId": "vcbm.csp.places.home",
           "extensionId": "itfm.reports.view.VcaVmsConfigView",
           "permissions": [ "VCBM_VIEW", "VCBM_ALL" ]
       },
       {
           "pointId": "csp.places",
           "hostExtensionId": "vcbm.csp.places.home",
           "extensionId": "itfm.reports.view.VcaServicesConfigView",
           "permissions": [ "VCBM_VIEW", "VCBM_ALL" ]
       },
       {
           "pointId": "csp.places",
           "hostExtensionId": "vcbm.csp.places.home",
           "extensionId": "itfm.reports.view.VcaVDCsConfigView",
           "permissions": [ "VCBM_VIEW", "VCBM_ALL" ]
       },
       {
           "pointId": "csp.places",
           "hostExtensionId": "vcbm.csp.places.home",
           "extensionId": "itfm.publiccloud.view.aws.AwsResourcesView",
           "permissions": [ "VCBM_VIEW", "VCBM_ALL" ]
       },
       {
           "pointId": "csp.places",
           "hostExtensionId": "vcbm.csp.places.home",
           "extensionId": "itfm.reports.view.AwsVmsConfigView",
           "permissions": [ "VCBM_VIEW", "VCBM_ALL" ]
       },
       {
           "pointId": "csp.places",
           "hostExtensionId": "vcbm.csp.places.home",
           "extensionId": "itfm.reports.view.AzureVmsConfigView",
           "permissions": [ "VCBM_VIEW", "VCBM_ALL" ]
       },
       {
           "pointId": "csp.places",
           "hostExtensionId": "vcbm.csp.places.home",
           "extensionId": "itfm.reports.view.AwsResourcesConfigView",
           "permissions": [ "VCBM_VIEW", "VCBM_ALL" ]
       },
       {
           "pointId": "csp.places",
           "hostExtensionId": "vcbm.csp.places.home",
           "extensionId": "itfm.reports.view.AzureResourcesConfigView",
           "permissions": [ "VCBM_VIEW", "VCBM_ALL" ]
       },
       {
           "pointId": "csp.places",
           "hostExtensionId": "vcbm.csp.places.home",
           "extensionId": "itfm.reports.view.metrics.allocationCost.AllocationEfficiencyMetrics",
           "permissions": [ "VCBM_VIEW", "VCBM_ALL" ]
       }
       ,
       {
           "pointId": "csp.places",
           "hostExtensionId": "vcbm.csp.places.home",
           "extensionId": "itfm.reports.view.metrics.privateCloud.ReportsMetricsPrivateCloud",
           "permissions": [ "VCBM_VIEW", "VCBM_ALL" ]
       }
       ,
      {
         "pointId": "csp.places",
         "extensionId": "vcbm.csp.places.administration",
         "label": "Business Management",
         "gadgetUrl": "admin-gadget.xml",
         "hostExtensionId": "vcac.administration",
         "description": "vCloud Business Manager Administration",
         "permissions": ["VCBM_VIEW", "VCBM_ALL" ]
      }
      ,
      {
         "pointId": "csp.places",
         "hostExtensionId": "vcbm.csp.places.home",
         "extensionId": "itfm.consumers.view.TenantConsumptionOverview",
         "permissions": [ "VCBM_VIEW", "VCBM_ALL", "ITBM_BUSINESS_UNIT_CONTROL" ]
      }
   ,
     {
       "pointId": "csp.places",
       "hostExtensionId": "vcbm.csp.places.home",
       "extensionId": "itfm.reports.customreport.view.CustomReportView",
       "permissions": [ "VCBM_VIEW", "VCBM_ALL" ]
     }
     ,
      {
         "pointId": "csp.places",
         "hostExtensionId": "vcbm.csp.places.home",
         "extensionId": "itfm.reports.view.ShowbackVmsConfigView",
         "permissions": [ "VCBM_VIEW", "VCBM_ALL", "ITBM_BUSINESS_UNIT_CONTROL" ]
      }
      ,
      {
         "pointId": "csp.places",
         "hostExtensionId": "vcbm.csp.places.home",
         "extensionId": "itfm.reports.view.SaveReportView",
         "permissions": [ "VCBM_VIEW", "VCBM_ALL", "ITBM_BUSINESS_UNIT_CONTROL" ]
      },
      {
         "pointId": "csp.places",
         "hostExtensionId": "vcbm.csp.places.home",
         "extensionId": "itfm.reports.view.DynamicCustomReportView",
         "permissions": [ "VCBM_VIEW", "VCBM_ALL", "ITBM_BUSINESS_UNIT_CONTROL" ]
      },
      {
         "pointId": "csp.places",
         "hostExtensionId": "vcbm.csp.places.home",
         "extensionId": "itfm.reports.view.reportSettings.EditReportSettingsView",
         "permissions": [ "VCBM_VIEW", "VCBM_ALL", "ITBM_BUSINESS_UNIT_CONTROL" ]
      },
      {
         "pointId": "csp.places",
         "hostExtensionId": "vcbm.csp.places.home",
         "extensionId": "itfm.planning.datacenteroptimization.view.SpecificDataCenterView",
         "permissions": [ "VCBM_VIEW", "VCBM_ALL", "ITBM_BUSINESS_UNIT_CONTROL" ]
      },
      {
         "pointId": "csp.places",
         "hostExtensionId": "vcbm.csp.places.home",
         "extensionId": "itfm.reports.view.ShowbackCustomReportsView",
         "permissions": [ "VCBM_VIEW", "VCBM_ALL", "ITBM_BUSINESS_UNIT_CONTROL" ]
      }
      ,
      {
         "pointId": "csp.places",
         "hostExtensionId": "vcbm.csp.places.home",
         "extensionId": "itfm.reports.view.ShowbackAdditionalServicesConfigView",
         "permissions": [ "VCBM_VIEW", "VCBM_ALL", "ITBM_BUSINESS_UNIT_CONTROL" ]
      }
      ,
      {
         "pointId": "csp.places",
         "hostExtensionId": "vcbm.csp.places.home",
         "extensionId": "itfm.planning.datacenteroptimization.view.DataCenterOptimizationMainView",
         "permissions": [ "VCBM_VIEW", "VCBM_ALL", "ITBM_BUSINESS_UNIT_CONTROL" ]
      },
      {
       "pointId": "csp.places",
       "hostExtensionId": "vcbm.csp.places.home",
       "extensionId": "itfm.reports.view.CloudBusinessAnalysisReportView",
       "permissions": [ "VCBM_VIEW", "VCBM_ALL", "ITBM_BUSINESS_UNIT_CONTROL" ]
      },
      {
         "pointId": "csp.features",
         "extensionId": "itfm.feature"
      },
      {
         "pointId": "csp.places",
         "hostExtensionId": "vcbm.csp.places.home",
         "extensionId": "itfm.consumers.view.VmOnOffView",
         "permissions": [ "VCBM_VIEW", "VCBM_ALL",  "ITBM_BUSINESS_UNIT_CONTROL" ]
      },
      {
        "pointId": "csp.places",
        "hostExtensionId": "vcbm.csp.places.home",
        "extensionId": "itfm.publiccloud.view.aws.AwsEcEbsView",
        "permissions": [ "VCBM_VIEW", "VCBM_ALL",  "ITBM_BUSINESS_UNIT_CONTROL" ]
      },
      {
       "pointId": "csp.places",
       "hostExtensionId": "vcbm.csp.places.home",
       "extensionId": "itfm.publiccloud.view.azure.AzureVMServiceView",
       "permissions": [ "VCBM_VIEW", "VCBM_ALL",  "ITBM_BUSINESS_UNIT_CONTROL" ]
     },
     {
       "pointId": "csp.places",
       "hostExtensionId": "vcbm.csp.places.home",
       "extensionId": "itfm.publiccloud.view.azure.AzureInstanceView",
       "permissions": [ "VCBM_VIEW", "VCBM_ALL",  "ITBM_BUSINESS_UNIT_CONTROL" ]
     },
     {
       "pointId": "csp.places",
       "hostExtensionId": "vcbm.csp.places.home",
       "extensionId": "itfm.publiccloud.view.aws.AwsInstanceView",
       "permissions": [ "VCBM_VIEW", "VCBM_ALL",  "ITBM_BUSINESS_UNIT_CONTROL" ]
     },
     {
       "pointId": "csp.places",
       "hostExtensionId": "vcbm.csp.places.home",
       "extensionId": "itfm.reports.dashboard.view.ReportsDashboard",
       "permissions": [ "VCBM_VIEW", "VCBM_ALL"]
     },
     {
       "pointId": "csp.places",
       "hostExtensionId": "vcbm.csp.places.home",
       "extensionId": "itfm.reports.schedulereports.view.ScheduleReportsView",
       "permissions": [ "VCBM_VIEW", "VCBM_ALL"]
     },
     {
       "pointId": "csp.places",
       "hostExtensionId": "vcbm.csp.places.home",
       "extensionId": "itfm.planning.view.WhatIfAnalysisConf",
       "permissions": [ "VCBM_VIEW", "VCBM_ALL",  "ITBM_BUSINESS_UNIT_CONTROL" ]
     },
     {
       "pointId": "csp.places",
       "hostExtensionId": "vcbm.csp.places.home",
       "extensionId": "itfm.planning.view.WhatIfAnalysisResult",
       "permissions": [ "VCBM_VIEW", "VCBM_ALL",  "ITBM_BUSINESS_UNIT_CONTROL" ]
     },
     {
       "pointId": "csp.places",
       "hostExtensionId": "vcbm.csp.places.home",
       "extensionId": "itfm.planning.vmc.view.MigrateToVmc",
       "permissions": [ "VCBM_VIEW", "VCBM_ALL",  "ITBM_BUSINESS_UNIT_CONTROL" ]
     },
     {
       "pointId": "csp.places",
       "hostExtensionId": "vcbm.csp.places.home",
       "extensionId": "itfm.planning.vmc.view.MigrateToVmcResult",
       "permissions": [ "VCBM_VIEW", "VCBM_ALL",  "ITBM_BUSINESS_UNIT_CONTROL" ]
     },
     {
       "pointId": "csp.places",
       "hostExtensionId": "vcbm.csp.places.home",
       "extensionId": "itfm.consumers.view.BusinessServicesView",
       "permissions": [ "VCBM_VIEW", "VCBM_ALL",  "ITBM_BUSINESS_UNIT_CONTROL" ]
     }
      ]
}
