<?xml version="1.0" encoding="UTF-8"?>
<beans xmlns="http://www.springframework.org/schema/beans"
       xmlns:xsi="http://www.w3.org/2001/XMLSchema-instance"
       xmlns:context="http://www.springframework.org/schema/context"
       xmlns:task="http://www.springframework.org/schema/task"
       xsi:schemaLocation="http://www.springframework.org/schema/beans
       http://www.springframework.org/schema/beans/spring-beans.xsd
       http://www.springframework.org/schema/context
       http://www.springframework.org/schema/context/spring-context.xsd
       http://www.springframework.org/schema/task
       http://www.springframework.org/schema/task/spring-task.xsd">

    <context:component-scan base-package="com.vmware.itfm.cloud.commons" />
    <context:annotation-config/>
    <bean class="com.vmware.itfm.cloud.ServletConfiguration"/>

    <import resource="classpath:aop-logging-config.xml" />
    <import resource="classpath:admin-config.xml"/>
    <import resource="classpath:allocations-config.xml"/>
    <import resource="classpath:budget-config.xml"/>
    <import resource="classpath:common-config.xml"/>
    <import resource="classpath:common-utils-config.xml"/>
    <import resource="classpath:db-export-config.xml"/>
    <import resource="classpath:comparison-config.xml"/>
    <import resource="classpath:consumers-config.xml"/>
    <import resource="classpath:cost-drivers-config.xml"/>
    <import resource="classpath:inventory-config.xml"/>
    <import resource="classpath:oauth-config.xml"/>
    <import resource="classpath:pricing-config.xml"/>
    <import resource="classpath:planning.xml"/>
    <import resource="classpath:cloud-aspects-config.xml"/>
    <import resource="classpath:public-cloud-config.xml"/>
    <import resource="classpath:ref-library-config.xml"/>
    <import resource="classpath:reports-config.xml"/>
    <import resource="classpath:showback-config.xml"/>
    <import resource="classpath:sync-config.xml"/>
    <import resource="classpath:vidm-config.xml"/>

    <import resource="classpath:/sftp-integration-context.xml"/>

    <task:annotation-driven/>

</beans>
