<?xml version="1.0" encoding="UTF-8"?>
<beans xmlns="http://www.springframework.org/schema/beans"
       xmlns:xsi="http://www.w3.org/2001/XMLSchema-instance"
       xmlns:jpa="http://www.springframework.org/schema/data/jpa"
       xmlns:tx="http://www.springframework.org/schema/tx"
       xsi:schemaLocation="http://www.springframework.org/schema/beans
       http://www.springframework.org/schema/beans/spring-beans.xsd
        http://www.springframework.org/schema/tx http://www.springframework.org/schema/tx/spring-tx.xsd
        http://www.springframework.org/schema/data/jpa http://www.springframework.org/schema/data/jpa/spring-jpa.xsd">

    <bean class="com.zaxxer.hikari.HikariDataSource" destroy-method="close" id="dataSource">
        <property name="driverClassName" value="${jdbc.driver.className}"/>
        <property name="jdbcUrl" value="${jdbc.url}"/>
        <property name="username" value="${jdbc.username}"/>
        <property name="password" value="${jdbc.password}"/>
        <property name="maximumPoolSize" value="30"/>
        <property name="connectionTestQuery" value="select 1;"/>
    </bean>

    <bean id="entityManagerFactory"
          class="org.springframework.orm.jpa.LocalContainerEntityManagerFactoryBean">
        <property name="jpaVendorAdapter">
            <bean class="org.springframework.orm.jpa.vendor.HibernateJpaVendorAdapter" />
        </property>
        <property name="dataSource" ref="dataSource"/>
        <property name="jpaProperties">
            <props>
                <prop key="hibernate.default_schema">${jdbc.username}</prop>
                <prop key="hibernate.dialect">${jdbc.hibernate.dialect}</prop>

                <prop key="hibernate.jdbc.batch_size">20</prop>
                <prop key="hibernate.hbm2ddl.auto">validate</prop>
                <prop key="hibernate.show_sql">false</prop>
                <prop key="hibernate.ejb.naming_strategy">org.hibernate.cfg.ImprovedNamingStrategy</prop>
                <prop key="hibernate.connection.charSet">UTF-8</prop>
                <!-- Search config -->
                <prop key="hibernate.search.default.directory_provider">filesystem</prop>
                <prop key="hibernate.search.default.indexBase">${catalina.base}/lucene</prop>
            </props>
        </property>
        <property name="packagesToScan" value="com.vmware.itfm.cloud.*" />
    </bean>

    <bean class="org.springframework.orm.jpa.JpaTransactionManager" id="transactionManager">
        <property name="entityManagerFactory" ref="entityManagerFactory"/>
    </bean>

    <tx:annotation-driven transaction-manager="transactionManager"/>

    <jpa:repositories base-package="com.vmware.itfm.cloud.**.persistence"/>
</beans>
