<?xml version="1.0" encoding="UTF-8"?>
<Configuration status="WARN" monitorInterval="30">

    <Properties>
        <Property name="VRB_LOG_PATH">${sys:catalina.base}/logs</Property>
    </Properties>

    <Appenders>

        <RollingFile name="file-log" fileName="${env:VRB_LOG_PATH}/itfm-server/itfm-server.log" filePattern="${env:VRB_LOG_PATH}/itfm-server/itfm-server-%i.log.gz">
            <PatternLayout pattern="%d{yyyy-MM-dd HH:mm:ss.SSS} %-5level [%thread] %logger{1.} - %msg%n"/>
            <Policies>
                <SizeBasedTriggeringPolicy size="10 MB"/>
            </Policies>
            <DefaultRolloverStrategy max="10"/>
        </RollingFile>

        <Console name="console" target="SYSTEM_OUT">
            <PatternLayout pattern="%d{HH:mm:ss.SSS} %-5level [%thread] %logger{1.} - %msg%n"/>
        </Console>

        <RollingFile name="audit-file" fileName="${env:VRB_LOG_PATH}/itfm-server/audit.log" filePattern="${env:VRB_LOG_PATH}/itfm-server/audit-%i.log.gz">
            <PatternLayout pattern="%d{yyyy-MM-dd HH:mm:ss.SSS} %-5level [%thread] %logger{1.} - %msg%n"/>
            <Policies>
                <SizeBasedTriggeringPolicy size="50 MB"/>
            </Policies>
            <DefaultRolloverStrategy max="3"/>
        </RollingFile>

        <RollingFile name="vcac-file" fileName="${env:VRB_LOG_PATH}/itfm-server/vcac.log" filePattern="${env:VRB_LOG_PATH}/itfm-server/vcac-%i.log.gz">
            <PatternLayout pattern="%d{yyyy-MM-dd HH:mm:ss.SSS} %-5level [%thread] %logger{1.} - %msg%n"/>
            <Policies>
                <SizeBasedTriggeringPolicy size="10 MB"/>
            </Policies>
            <DefaultRolloverStrategy max="10"/>
        </RollingFile>

    </Appenders>



    <Loggers>

        <Logger name="com.vmware.itfm.cloud.vami" level="info" additivity="false">
            <AppenderRef ref="vcac-file"/>
        </Logger>

        <Logger name="com.vmware.itfm.cloud.admin.security.AuditFilter" level="info" additivity="false">
            <AppenderRef ref="audit-file"/>
        </Logger>

		<!-- vRA, SSO and VIM log is restricted to warning by default -->
		<!--<Logger name="com.vmware.itfm.cloud.sync.input.inventory.factsrepo" level="debug"/>-->
		<Logger name="com.vmware.itfm.cloud.reflibrary.referencelibrary" level="warn"/>
		<Logger name="com.vmware.identity" level="warn"/>
		<Logger name="com.vmware.vcac" level="warn"/>
		<Logger name="com.vmware.vim" level="warn"/>

		<Logger name="org.springframework.beans.factory" level="warn"/>
        <Logger name="org.springframework.web.servlet.mvc.method.annotation.RequestMappingHandlerMapping" level="info"/>
		<Logger name="org.springframework.web" level="warn"/>
		<Logger name="org.springframework.context.annotation.ClassPathBeanDefinitionScanner" level="warn"/>
		<Logger name="org.springframework.jmx.export.annotation.AnnotationMBeanExporter" level="warn"/>
		<Logger name="org.quartz" level="warn"/>

        <logger name="com.vmware.itfm.cloud" level="info"/>

        <Root level="info" additivity="false">
            <appender-ref ref="console"/>
            <appender-ref ref="file-log"/>
        </Root>

    </Loggers>

</Configuration>