<?xml version="1.0" encoding="UTF-8"?>
<beans xmlns="http://www.springframework.org/schema/beans"
       xmlns:xsi="http://www.w3.org/2001/XMLSchema-instance"
       xmlns:security="http://www.springframework.org/schema/security"
       xmlns:oauth="http://www.springframework.org/schema/security/oauth2"
       xsi:schemaLocation="http://www.springframework.org/schema/beans http://www.springframework.org/schema/beans/spring-beans.xsd
            http://www.springframework.org/schema/security http://www.springframework.org/schema/security/spring-security.xsd
            http://www.springframework.org/schema/security/oauth2 http://www.springframework.org/schema/security/spring-security-oauth2.xsd"> 	
    
    <beans profile="root,dev,standalone">
        <bean id="pamAuthenticationProvider" class="com.vmware.itfm.cloud.commons.security.authentication.PamAuthenticationProvider" />
        <bean id="authenticationSuccessHandler" class="com.vmware.itfm.cloud.commons.security.authentication.CustomLoginSuccessHandler" />
        <security:http pattern="/rest/pricing/upfront" security="none" />
        <security:http pattern="/rest/help-about/telemetry" security="none" />
        <security:http pattern="/rest/currency/telemetry" security="none" />
        <security:http pattern="/rest/license/telemetry" security="none" />
        <security:http pattern="/rest/dbExport/telemetry" security="none" />
        <security:http pattern="/rest/sources/vc/telemetry" security="none" />
        <security:http pattern="/resources/**" security="none" />
        <security:http pattern="/loginError.html" security="none" />
        <security:http pattern="/rest/system-health/sync-job-status" security="none" />
		<security:http pattern="/rest/system-health/global-system-status" security="none" />
		<security:http pattern="/rest/system-health/detailed-status" security="none" />
        <security:http pattern="/swagger-resources/**" security="none" />
        <security:http pattern="/v2/api-docs" security="none" />
        <security:http pattern="/swagger-ui.html" security="none" />
        <security:http pattern="/webjars/**" security="none" />
        <security:http use-expressions="true">
            <security:intercept-url pattern="/login.html"
                                    access="permitAll()"/>
            <security:intercept-url pattern="/**" access="isAuthenticated()"/>
            <security:form-login login-page="/login.html"
                                 authentication-failure-url="/loginError.html"
                                 authentication-success-handler-ref="authenticationSuccessHandler"
                                 always-use-default-target="false"
                                 />
            <security:logout logout-success-url="/login.html"/>
            <!-- spring-security-4.x upgrade : disabling x-frame headers (enabled by default in 4.x) -->
            <security:headers>
                <security:frame-options disabled="true"/>
            </security:headers>
            <!-- spring-security-4.x upgrade : disabling CSRF check (enabled by default in 4.x) -->
            <security:csrf disabled="true"/>
        </security:http>
        <security:global-method-security pre-post-annotations="enabled"/>

        <beans profile="root">
	        <security:authentication-manager alias="authenticationManager">
				<security:authentication-provider ref="pamAuthenticationProvider" />
	        </security:authentication-manager>
        </beans>
        <beans profile="dev,standalone">
	        <security:authentication-manager alias="authenticationManager">
	            <security:authentication-provider>
	                <security:user-service>
	                    <security:user name="user" password="password" authorities="VCBM_VIEW"/>
	                    <security:user name="admin" password="admin" authorities="VCBM_ALL, VCBM_VIEW"/>
	                    <security:user name="admin@vmware.com" password="admin" authorities="VCBM_ALL, VCBM_VIEW"/>
	                    <security:user name="controller" password="controller" authorities="ITBM_TENANT_CONTROL"/>
	                </security:user-service>
	            </security:authentication-provider>
	        </security:authentication-manager>
        </beans>


    </beans>


    <beans profile="hmac,noauth">

        <bean id="x509SignatureAuthProvider" class="com.vmware.itfm.cloud.commons.security.authentication.X509SignatureAuthenticationProvider" />
        <bean id="noOpAuthProvider" class="com.vmware.itfm.cloud.commons.security.authentication.NoOpAuthenticationProvider" />
        <bean id="httpRequestSigningService" class="com.vmware.itfm.cloud.commons.security.authentication.HttpRequestSigningService" />
        <bean id="x509AuthFilter"
              class="com.vmware.itfm.cloud.commons.security.authentication.X509SignatureAuthenticationFilter">
            <property name="authenticationManager" ref="authenticationManager" />
        </bean>
        <bean id="http403EntryPoint" class="org.springframework.security.web.authentication.Http403ForbiddenEntryPoint" />

        <security:http pattern="/rest/system-health/global-system-status" security="none" />
        <security:http pattern="/**" auto-config="false" use-expressions="true" entry-point-ref="http403EntryPoint" authentication-manager-ref="authenticationManager"
                       create-session="stateless">
            <security:intercept-url pattern="/**" access="hasRole('ROLE_INTERNAL_API')" />
            <security:custom-filter position="X509_FILTER" ref="x509AuthFilter" />
            <security:headers>
                <security:frame-options disabled="true"/>
            </security:headers>
            <security:csrf disabled="true"/>
        </security:http>

        <security:global-method-security pre-post-annotations="enabled"/>

        <security:authentication-manager alias="authenticationManager">
            <security:authentication-provider ref="x509SignatureAuthProvider" />
        </security:authentication-manager>

        <beans profile="hmac">
            <security:authentication-manager alias="authenticationManager">
                <security:authentication-provider ref="x509SignatureAuthProvider" />
            </security:authentication-manager>
        </beans>
        <beans profile="noauth">
            <security:authentication-manager alias="authenticationManager">
                <security:authentication-provider ref="noOpAuthProvider" />
            </security:authentication-manager>
        </beans>

    </beans>


    <beans profile="vidm">
        <security:http pattern="/rest/pricing/upfront" security="none" />
        <security:http pattern="/resources/**" security="none" />
        <security:http pattern="/oauth/**" security="none" />
        <security:http pattern="/rest/help-about/telemetry" security="none" />
        <security:http pattern="/rest/currency/telemetry" security="none" />
        <security:http pattern="/rest/license/telemetry" security="none" />
        <security:http pattern="/rest/dbExport/telemetry" security="none" />
        <security:http pattern="/rest/sources/vc/telemetry" security="none" />
        <security:http pattern="/rest/system-health/sync-job-status" security="none" />
		<security:http pattern="/rest/system-health/global-system-status" security="none" />
		<security:http pattern="/rest/system-health/detailed-status" security="none" />
        <security:http pattern="/swagger-resources/**" security="none" />
        <security:http pattern="/v2/api-docs" security="none" />
        <security:http pattern="/swagger-ui.html" security="none" />
        <security:http pattern="/webjars/**" security="none" />
        <bean id="vidmUrl" class="java.lang.String">
            <constructor-arg value="${oauth2.authorization-server.scheme}://${oauth2.authorization-server.host}:${oauth2.authorization-server.port}" />
        </bean>
        <bean id="tokenStore" class="org.springframework.security.oauth2.provider.token.store.JdbcTokenStore">
            <constructor-arg ref="dataSource"/>
        </bean>
        <bean id="oauthAccessDeniedHandler"
              class="org.springframework.security.oauth2.provider.error.OAuth2AccessDeniedHandler"/>
        <security:authentication-manager alias="authenticationManager"/>
        <oauth:expression-handler id="oAuth2ExpressionHandler"/>
        <oauth:web-expression-handler id="oAuth2WebExpressionHandler"/>
        <security:global-method-security pre-post-annotations="enabled">
            <security:expression-handler ref="oAuth2ExpressionHandler"/>
        </security:global-method-security>
        <oauth:resource id="itfmCloud"
                        client-id="${oauth2.client.id}"
                        client-secret="${oauth2.client.secret}"
                        type="authorization_code"
                        user-authorization-uri="#{vidmUrl}/SAAS/API/1.0/oauth2/authorize"
                        access-token-uri="#{vidmUrl}/SAAS/API/1.0/oauth2/token"
                        pre-established-redirect-uri="${oauth2.redirect-uri}"
                        use-current-uri="false"/>
        <oauth:rest-template id="restTemplate" resource="itfmCloud"/>
        <bean id="vidmTokenServices" class="com.vmware.itfm.cloud.oauth2.VidmTokenServices">
            <constructor-arg index="0" ref="itfmCloud"/>
            <constructor-arg index="1" ref="tokenStore"/>
        </bean>
        <bean id="cookieTokenExtractor" class="com.vmware.itfm.cloud.oauth2.CookieTokenExtractor"/>
        <oauth:resource-server id="resourceServer" resource-id="itfmCloud"
                               token-services-ref="vidmTokenServices"
                               token-extractor-ref="cookieTokenExtractor"
                               entry-point-ref="authenticationEntryPoint"/>
        <bean id="authenticationEntryPoint" class="com.vmware.itfm.cloud.oauth2.LoginUrlEntryPoint">
            <constructor-arg value="#{vidmUrl}/SAAS/auth/oauth2/authorize?response_type=code&amp;client_id=${oauth2.client.id}&amp;redirect_uri=${oauth2.redirect-uri}"/>
        </bean>
        <security:http use-expressions="true" entry-point-ref="authenticationEntryPoint">
            <security:custom-filter ref="resourceServer" position="PRE_AUTH_FILTER"/>
            <security:intercept-url pattern="/**" access="isAuthenticated()"/>
            <security:access-denied-handler ref="oauthAccessDeniedHandler"/>
            <security:expression-handler ref="oAuth2WebExpressionHandler"/>
            <security:logout logout-success-url="#{vidmUrl}/SAAS/auth/logout?dest=${oauth2.whitelist-uri}"
                             delete-cookies="JSESSIONID,access_token"
                             invalidate-session="true"/>
            <security:headers>
                <security:frame-options disabled="true"/>
            </security:headers>
            <security:csrf disabled="true"/>
        </security:http>
    </beans>

</beans>
