<?xml version="1.0" encoding="UTF-8"?>
<beans xmlns="http://www.springframework.org/schema/beans"
       xmlns:xsi="http://www.w3.org/2001/XMLSchema-instance"
       xmlns:cache="http://www.springframework.org/schema/cache"
       xmlns:p="http://www.springframework.org/schema/p"
       xsi:schemaLocation="http://www.springframework.org/schema/beans
           http://www.springframework.org/schema/beans/spring-beans.xsd
           http://www.springframework.org/schema/cache
           http://www.springframework.org/schema/cache/spring-cache.xsd">

    <cache:annotation-driven />
    <bean id="cacheManager" class="org.springframework.cache.support.SimpleCacheManager">
        <property name="caches">
            <set>
                <!-- RefLib caches -->
                <bean class="org.springframework.cache.concurrent.ConcurrentMapCacheFactoryBean" p:name="costPerKilowatt"/>
                <bean class="org.springframework.cache.concurrent.ConcurrentMapCacheFactoryBean" p:name="energyJoule"/>
                <bean class="org.springframework.cache.concurrent.ConcurrentMapCacheFactoryBean" p:name="realEstateCost"/>
                <bean class="org.springframework.cache.concurrent.ConcurrentMapCacheFactoryBean" p:name="serversLaborData"/>
                <bean class="org.springframework.cache.concurrent.ConcurrentMapCacheFactoryBean" p:name="vmLaborData"/>
                <bean class="org.springframework.cache.concurrent.ConcurrentMapCacheFactoryBean" p:name="laborWindowsServer"/>
                <bean class="org.springframework.cache.concurrent.ConcurrentMapCacheFactoryBean" p:name="laborWindowsDesktop"/>
                <bean class="org.springframework.cache.concurrent.ConcurrentMapCacheFactoryBean" p:name="laborLinux"/>
                <bean class="org.springframework.cache.concurrent.ConcurrentMapCacheFactoryBean" p:name="serverHardwareMaintenance"/>
                <bean class="org.springframework.cache.concurrent.ConcurrentMapCacheFactoryBean" p:name="osMaintenance"/>
                <bean class="org.springframework.cache.concurrent.ConcurrentMapCacheFactoryBean" p:name="1GBNicCost"/>
                <bean class="org.springframework.cache.concurrent.ConcurrentMapCacheFactoryBean" p:name="10GBNicCost"/>
                <bean class="org.springframework.cache.concurrent.ConcurrentMapCacheFactoryBean" p:name="numRackUnits"/>
                <bean class="org.springframework.cache.concurrent.ConcurrentMapCacheFactoryBean" p:name="storageCostPerGB"/>
                <bean class="org.springframework.cache.concurrent.ConcurrentMapCacheFactoryBean" p:name="serverCost"/>
                <bean class="org.springframework.cache.concurrent.ConcurrentMapCacheFactoryBean" p:name="serverGeneration"/>
                <bean class="org.springframework.cache.concurrent.ConcurrentMapCacheFactoryBean" p:name="cpuToMemoryRatio"/>
                <bean class="org.springframework.cache.concurrent.ConcurrentMapCacheFactoryBean" p:name="cpuLaunchDate"/>
                <bean class="org.springframework.cache.concurrent.ConcurrentMapCacheFactoryBean" p:name="cpuAge"/>
                <bean class="org.springframework.cache.concurrent.ConcurrentMapCacheFactoryBean" p:name="osCostByFlavor"/>
                <bean class="org.springframework.cache.concurrent.ConcurrentMapCacheFactoryBean" p:name="chargePolicyByOsType"/>
                <bean class="org.springframework.cache.concurrent.ConcurrentMapCacheFactoryBean" p:name="osTypeByFlavor"/>
                <bean class="org.springframework.cache.concurrent.ConcurrentMapCacheFactoryBean" p:name="PricingService.VmPriceDaily"/>
                <bean class="org.springframework.cache.concurrent.ConcurrentMapCacheFactoryBean" p:name="PricingService.VmPriceMonthly"/>
                <bean class="org.springframework.cache.concurrent.ConcurrentMapCacheFactoryBean" p:name="storageDiskLaunchDate"/>
                
                <!-- Cost Driver caches -->
                <bean class="org.springframework.cache.concurrent.ConcurrentMapCacheFactoryBean" p:name="specificCostDriverConfig"/>

                <!-- License key caches -->
                <bean class="org.springframework.cache.concurrent.ConcurrentMapCacheFactoryBean" p:name="allowedFeatures"/>
                <bean class="org.springframework.cache.concurrent.ConcurrentMapCacheFactoryBean" p:name="licenseList"/>

            </set>
        </property>
    </bean>
</beans>
