<?xml version="1.0"?>
<Server port="${base.shutdown.port}"
        shutdown="SHUTDOWN">
	<Listener className="org.apache.catalina.startup.VersionLoggerListener" />
    <Listener className="org.apache.catalina.core.JreMemoryLeakPreventionListener"/>
    <Listener className="org.apache.catalina.mbeans.GlobalResourcesLifecycleListener"/>
    <Listener className="org.apache.catalina.core.ThreadLocalLeakPreventionListener"/>
	<Listener className="org.apache.catalina.core.AprLifecycleListener" SSLEngine="on" />
    <GlobalNamingResources>
        <Resource auth="Container"
                  description="User database that can be updated and saved"
                  factory="org.apache.catalina.users.MemoryUserDatabaseFactory"
                  name="UserDatabase"
                  pathname="conf/tomcat-users.xml"
                  type="org.apache.catalina.UserDatabase"/>
    </GlobalNamingResources>
    <Service name="Catalina">
        <Executor maxThreads="50"
                  minSpareThreads="25"
                  name="tomcatThreadPool"
                  namePrefix="tomcat-http--"/>
        <Engine defaultHost="localhost"
                name="Catalina">
            <Realm className="org.apache.catalina.realm.LockOutRealm">
                <Realm className="org.apache.catalina.realm.UserDatabaseRealm"
                       resourceName="UserDatabase"/>
            </Realm>
            <Host name="localhost"
                  appBase="webapps"
	              autoDeploy="true"
	              deployOnStartup="false"
	              deployXML="true"
	              backgroundProcessorDelay="1"
	              unpackWARs="true">
                <Valve className="org.apache.catalina.valves.AccessLogValve"
                       directory="logs"
                       pattern="%h %l %u %t &quot;%r&quot; %s %b"
                       prefix="localhost_access_log"
                       suffix=".txt"
                       rotatable="false"/>
            </Host>
        </Engine>
        <Connector SSLEnabled="true"
			  acceptCount="100"
			  connectionTimeout="20000"
			  executor="tomcatThreadPool"
			  keyAlias="${bio-ssl.ssl.key.alias}"
			  keyPass="${bio-ssl.ssl.key.password}"
			  keystoreFile="${catalina.base}/${bio-ssl.ssl.keystore.location}"
			  keystorePass="${bio-ssl.ssl.keystore.password}"
			  maxKeepAliveRequests="15"
			  port="${bio-ssl.https.port}"
			  protocol="org.apache.coyote.http11.Http11NioProtocol"
			  redirectPort="${bio-ssl.https.port}"
			  scheme="https"
			  secure="true"
			  sessionTimeout="1800"
			  ciphers="TLS_ECDHE_ECDSA_WITH_AES_256_CBC_SHA,
			           TLS_ECDHE_RSA_WITH_AES_256_CBC_SHA,
			           TLS_ECDH_ECDSA_WITH_AES_256_CBC_SHA,
			           TLS_ECDH_RSA_WITH_AES_256_CBC_SHA,
			           TLS_RSA_WITH_AES_256_CBC_SHA,
			           TLS_RSA_WITH_AES_128_CBC_SHA,
                       TLS_RSA_WITH_AES_256_GCM_SHA384,
                       TLS_ECDHE_RSA_WITH_AES_256_GCM_SHA384"
			  sslEnabledProtocols="TLSv1.1, TLSv1.2"
			  URIEncoding="UTF-8"
			  maxHttpHeaderSize="65000"/>
        <security-constraint>
            <web-resource-collection>
                <web-resource-name>Automatic Forward to HTTPS</web-resource-name>
                  <url-pattern>/*</url-pattern>
            </web-resource-collection>
            <user-data-constraint>
                <transport-guarantee>CONFIDENTIAL</transport-guarantee>
            </user-data-constraint>
        </security-constraint>
    </Service>
</Server>
