{
   "publisher": "VMware",
   "pluginEndpointTypeId": "com.vmware.vcbm.vcbm-debug.plugin",

   "extensions": [
      {
         "pointId": "csp.places",
         "extensionId": "vcbm.csp.places.home.debug",
         "label": "Business Management Debug UI",
         "gadgetUrl": "vcbm-gadget.xml",
         "description": "vCloud Business Manager",
         "permissions": [ "VCBM_VIEW", "VCBM_ALL" ]
      } ,

      {
         "pointId": "csp.places",
         "hostExtensionId": "vcbm.csp.places.home.debug",
         "extensionId": "itfm.homepage.view.HomePageView",
         "permissions": [ "VCBM_VIEW", "VCBM_ALL" ]
      }
     ,
      {
         "pointId": "csp.places",
         "hostExtensionId": "vcbm.csp.places.home.debug",
         "extensionId": "itfm.costdriver.view.CostDriverCenterView",
         "permissions": [ "VCBM_VIEW", "VCBM_ALL" ]
      }
      ,

      {
         "pointId": "csp.places",
         "hostExtensionId": "vcbm.csp.places.home.debug",
         "extensionId": "itfm.resourcescost.view.ResourcesCostMainView",
         "permissions": [ "VCBM_VIEW", "VCBM_ALL" ]
      }
      ,


      {
         "pointId": "csp.places",
         "hostExtensionId": "vcbm.csp.places.home.debug",
         "extensionId": "itfm.consumers.view.ConsumersMainView",
         "permissions": [ "VCBM_VIEW", "VCBM_ALL" ]
      }
      ,


      {
         "pointId": "csp.places",
         "hostExtensionId": "vcbm.csp.places.home.debug",
         "extensionId": "itfm.planning.view.PlanningMainView",
         "permissions": [ "VCBM_VIEW", "VCBM_ALL" ]
      }
      ,


      {
         "pointId": "csp.places",
         "hostExtensionId": "vcbm.csp.places.home.debug",
         "extensionId": "itfm.publiccloud.view.PublicCloudMainView",
         "permissions": [ "VCBM_VIEW", "VCBM_ALL" ]
      }
      ,

      {
         "pointId": "csp.places",
         "extensionId": "vcbm.csp.places.administration.debug",
         "label": "Business Management Debug UI",
         "gadgetUrl": "vcbm-administration-gadget.xml",
         "hostExtensionId": "vcac.administration",
         "description": "vCloud Business Manager Administration",
         "permissions": ["VCBM_VIEW", "VCBM_ALL" ]
      }   ]
}