<?xml version="1.0" encoding="UTF-8"?>
<Configuration status="WARN" monitorInterval="30">

    <Properties>
        <Property name="VRB_LOG_PATH">${sys:catalina.base}/logs</Property>
    </Properties>

    <Appenders>

        <RollingFile name="file-log" fileName="${env:VRB_LOG_PATH}/pricing-api.log"  filePattern="${env:VRB_LOG_PATH}/pricing-api-%i.log">
            <PatternLayout pattern="%d{yyyy-MM-dd HH:mm:ss.SSS} %-5level [%thread] %logger{1.} - %msg%n"/>
            <Policies>
                <SizeBasedTriggeringPolicy size="10 MB"/>
            </Policies>
            <DefaultRolloverStrategy max="10"/>
        </RollingFile>

        <Console name="console" target="SYSTEM_OUT">
            <PatternLayout pattern="%d{yyyy-MM-dd HH:mm:ss.SSS} %-5level [%thread] %logger{1.} - %msg%n"/>
        </Console>

    </Appenders>

    <Loggers>

        <Root level="info" additivity="false">
            <appender-ref ref="console"/>
            <appender-ref ref="file-log"/>
        </Root>

    </Loggers>

</Configuration>