<?xml version="1.0" encoding="UTF-8"?>
<beans:beans xmlns="http://www.springframework.org/schema/security" xmlns:beans="http://www.springframework.org/schema/beans" xmlns:xsi="http://www.w3.org/2001/XMLSchema-instance"
    xmlns:security="http://www.springframework.org/schema/security"
    xsi:schemaLocation="http://www.springframework.org/schema/beans
           http://www.springframework.org/schema/beans/spring-beans.xsd
           http://www.springframework.org/schema/security
           http://www.springframework.org/schema/security/spring-security.xsd">

    <security:http pattern="/**/register" auto-config="false" use-expressions="true" entry-point-ref="http403EntryPoint"
        authentication-manager-ref="authenticationManager" create-session="stateless">
        <security:intercept-url pattern="/**" access="hasRole('ROLE_OTK')" />
        <security:custom-filter position="PRE_AUTH_FILTER" ref="otkAuthFilter" />
        <security:csrf disabled="true"/>
    </security:http>

    <security:http pattern="/**" auto-config="false" use-expressions="true" entry-point-ref="http403EntryPoint" authentication-manager-ref="authenticationManager"
        create-session="stateless">
        <security:intercept-url pattern="/**" access="hasRole('ROLE_INTERNAL_API')" />
        <security:custom-filter position="X509_FILTER" ref="x509AuthFilter" />
        <security:csrf disabled="true"/>
    </security:http>

    <beans:bean id="http403EntryPoint" class="org.springframework.security.web.authentication.Http403ForbiddenEntryPoint" />

    <beans:bean id="x509SignatureAuthProvider" class="com.vmware.itfm.cloud.commons.security.authentication.X509SignatureAuthenticationProvider" />

    <beans:bean id="otkAuthProvider" class="com.vmware.itfm.cloud.datacollector.transformer.commons.security.authentication.OtkAuthenticationProvider" />

    <security:authentication-manager alias="authenticationManager">
        <security:authentication-provider ref="x509SignatureAuthProvider" />
        <security:authentication-provider ref="otkAuthProvider" />
    </security:authentication-manager>

    <beans:bean id="x509AuthFilter" class="com.vmware.itfm.cloud.commons.security.authentication.X509SignatureAuthenticationFilter">
        <beans:property name="authenticationManager" ref="authenticationManager" />
    </beans:bean>

    <beans:bean id="otkAuthFilter" class="com.vmware.itfm.cloud.datacollector.transformer.commons.security.authentication.OtkAuthenticationFilter">
        <beans:property name="authenticationManager" ref="authenticationManager" />
    </beans:bean>
</beans:beans>
