<?xml version="1.0" encoding="UTF-8"?>
<Configuration status="WARN" monitorInterval="30">

    <Properties>
        <Property name="VRB_LOG_PATH">${sys:catalina.base}/logs</Property>
    </Properties>

    <Appenders>
        <RollingFile name="file-log" fileName="${env:VRB_LOG_PATH}/transformer/itfm-transformer.log" filePattern="${env:VRB_LOG_PATH}/transformer/itfm-transformer-%i.log.gz">
            <PatternLayout pattern="%d{yyyy-MM-dd HH:mm:ss.SSS} %-5level [%thread] %logger{1.} - %msg%n"/>
            <Policies>
                <SizeBasedTriggeringPolicy size="10 MB"/>
            </Policies>
            <DefaultRolloverStrategy max="2"/>
        </RollingFile>

        <Console name="console" target="SYSTEM_OUT">
      			<PatternLayout pattern="%d{HH:mm:ss.SSS} %-5level [%thread] %logger{1.} - %msg%n"/>
        </Console>

    </Appenders>

    <Loggers>
        <Root level="info" additivity="false">
            <appender-ref ref="file-log"/>
            <appender-ref ref="console"/>
        </Root>

        <!-- Enable this logger for logging the content of the APIs posted to Facts Repo -->
		<!--
	        <Logger name="com.vmware.itfm.cloud.datacollector.transformer.commons.client.FactsRepoConnector" level="debug" additivity="false" >
	            <appender-ref ref="file-log" />
	        </Logger>
		-->
    </Loggers>

</Configuration>